policy,maxretry,findtime_min,bantime_min,increment,failed,blocked,blocked_share,reached_sshd,bans,banned_ips,successes,locked_out
3 in 1h -> ban 1d,3,60.0,1440.0,False,345063,339934,0.9851,5129,1126,716,182,3
3 in 10m -> ban 1d,3,10.0,1440.0,False,345063,339317,0.9833,5746,1105,705,182,3
3 in 10m -> ban 10m (x2 per repeat),3,10.0,10.0,True,345063,338541,0.9811,6522,1346,705,182,1
3 in 1h -> ban 1h,3,60.0,60.0,False,345063,337756,0.9788,7307,1814,716,182,1
3 in 10m -> ban 1h,3,10.0,60.0,False,345063,337487,0.978,7576,1689,705,182,1
5 in 1h -> ban 1d,5,60.0,1440.0,False,345063,337160,0.9771,7903,1011,673,182,3
5 in 10m -> ban 1d,5,10.0,1440.0,False,345063,337065,0.9768,7998,1003,665,182,3
5 in 10m -> ban 10m (x2 per repeat),5,10.0,10.0,True,345063,335869,0.9734,9194,1228,665,182,1
5 in 1h -> ban 1h,5,60.0,60.0,False,345063,334422,0.9692,10641,1526,673,182,1
5 in 10m -> ban 1h,5,10.0,60.0,False,345063,334347,0.9689,10716,1514,665,182,1
3 in 1h -> ban 10m,3,60.0,10.0,False,345063,333919,0.9677,11144,3089,716,182,1
3 in 10m -> ban 10m,3,10.0,10.0,False,345063,333906,0.9677,11157,2876,705,182,1
10 in 1h -> ban 1d,10,60.0,1440.0,False,345063,333587,0.9667,11476,366,192,182,0
10 in 10m -> ban 1d,10,10.0,1440.0,False,345063,333504,0.9665,11559,360,186,182,0
10 in 10m -> ban 10m (x2 per repeat),10,10.0,10.0,True,345063,331883,0.9618,13180,518,186,182,0
10 in 1h -> ban 1h,10,60.0,60.0,False,345063,329793,0.9557,15270,717,192,182,0
10 in 10m -> ban 1h,10,10.0,60.0,False,345063,329741,0.9556,15322,709,186,182,0
5 in 1h -> ban 10m,5,60.0,10.0,False,345063,328511,0.952,16552,2704,673,182,1
5 in 10m -> ban 10m,5,10.0,10.0,False,345063,328482,0.9519,16581,2686,665,182,1
10 in 1h -> ban 10m,10,60.0,10.0,False,345063,318431,0.9228,26632,1851,192,182,0
10 in 10m -> ban 10m,10,10.0,10.0,False,345063,318397,0.9227,26666,1841,186,182,0
